,Wine type (Class),Alcohol,Acidity
0,1,1.8978291710996928,0.40998568228315
1,1,1.53103317737852,0.43319893667039316
2,1,0.7027107554114205,0.25453020852476754
3,0,0.8497453007644323,0.687987163495632
4,1,0.7731632526904482,-1.3854238616530408
5,1,2.5607349879335195,-0.050192858839316734
6,0,0.589259674181043,1.1861894150076597
7,0,0.2885049675168875,0.4415127307771787
8,0,1.2017567399686735,1.3101015556665239
9,0,0.8339761196729256,0.9120501423232743
10,1,0.8285365154774266,-0.33687546776388283
11,0,-2.312044555570496,0.18721432073691624
12,0,0.6844671849766044,1.109664458759354
13,1,1.8998511343217628,-0.13727954705085688
14,0,-0.6550461508819367,0.650758399471193
15,0,-1.356821009540594,0.5774412160016482
16,1,1.1531759580857246,-0.30094020059558674
17,1,1.0858284634217295,-0.238292488783254
18,1,1.5628951212983289,-0.11423378135272205
19,0,-0.7263976089323841,0.3279582785837553
20,1,1.2530812712246981,0.23851341259494308
21,0,-0.7605252901473918,1.2688878268551909
22,0,-0.023249322016786644,0.9730024707658048
23,0,0.10683612302892932,0.1892341688970547
24,0,-1.4439298319421128,0.36342957448607743
25,0,1.354332622493632,-0.22384710712428577
26,0,0.9326148543211792,0.4100151181176178
27,1,2.2187255925980653,0.31657907141394387
28,0,0.8309014585062016,0.48441598699725574
29,1,1.636098408486768,0.2908150592167929
30,0,-1.492587537276493,0.6027985982453568
31,1,-0.45460904193951646,0.13342422202627485
32,0,-0.34050614672545143,0.6032851764268389
33,1,0.5618602430461618,0.44644779050758376
34,0,-1.2816072163901246,1.2655676811641212
35,0,-0.4569821466697663,0.48352129495596163
36,0,-0.3192930587383131,1.2485851010519409
37,1,2.630859773985798,-0.003791757117017902
38,0,-1.1034111005791922,1.0263120569189372
39,1,1.9942367695519543,0.12084564124416713
40,0,-1.8862903479147213,1.2427746292350421
41,1,1.6173892850804414,-0.42112495894482643
42,1,1.18239485916436,-0.20140113451196906
43,1,-0.15958834455042759,1.0561157395657608
44,0,-1.9557887454731067,-0.6839517220850829
45,1,1.6159192016234345,0.01891561657436533
46,1,2.048983131331228,0.3230498985703894
47,1,2.453370541694827,0.2681392590344812
48,1,-0.6821730747957094,1.3642658764380826
49,1,3.3022815255937834,0.7434423694454624
50,0,1.2182008844748733,0.6333270455239597
51,0,0.6904147150147363,0.8850780616578435
52,0,-0.38135683733797326,-0.1729701004676808
53,0,-1.0839356050869637,0.7718260127971888
54,0,-0.14265451509278437,0.6370643205275281
55,0,0.8434564531093675,0.8251640136469627
56,0,-0.9648244542321048,0.28396723951867575
57,0,-0.922657575147481,0.31004156875937555
58,1,0.6770599856731915,0.6693426476433361
59,0,1.4116807240683926,-0.0901370401518457
60,1,1.185281963074926,-0.851556351086202
61,1,2.3832282948295593,-0.373626339710605
62,1,2.321652774755527,-0.06870568776722868
63,1,2.5579945075782398,-0.08301067574314841
64,1,0.8620926523544155,0.07744798358518362
65,1,2.293653314357422,0.3862080936465048
66,1,0.6913862948005624,-0.04198432149307141
67,1,1.6358315739774365,-0.22577570632744587
68,1,1.2184722196972229,-0.4392781167887024
69,0,-1.702001094185316,0.6231831171645577
70,0,-0.7921778337633814,1.2674873088263576
71,0,-0.737126704128011,0.42130407667795206
72,0,-1.3120057460117196,0.46539119577442833
73,0,0.7494771772618647,0.9365332076504406
74,1,0.717659189345976,-1.0607980414672005
75,0,0.1951266388844905,1.5328797704282453
76,1,0.2785205750851712,-1.2117928432332774
77,0,0.24016250683554502,0.7523166935262207
78,0,-0.5006620794097989,0.6434123861952439
79,1,0.3584875314301904,0.12999664718699236
80,1,1.542016244670119,-0.29125304687115305
81,0,-0.6952661002494136,0.13875395766621745
82,1,0.06640873127398872,0.37846022266581003
83,0,1.2048789626044316,1.17426783626376
84,0,-1.2393897301914734,0.3895532734541265
85,0,-0.4528422750816061,0.7247379139466917
86,1,0.5355975100662786,0.1043035964678054
87,1,-0.12581343193525424,-0.2868804736952622
88,1,0.5039108894768524,-1.0805488131742473
89,0,-1.362428843591768,-0.2757853213045503
90,1,-0.11783135305371417,-0.3421275764355033
91,1,-0.45691394385068684,0.9547879034880655
92,0,0.5544164421422938,0.6280570957548852
93,0,0.5551899255665714,0.2997876900820393
94,1,0.15621740288082134,0.43026769007456833
95,0,0.810359519089823,1.3583552270601418
96,0,1.8807029221394143,-0.2176651684865245
97,1,1.0191664190915612,0.05889196124343965
98,0,-0.2851840527436876,1.1893128766754577
99,1,0.4867733870937096,0.047845631539173
100,0,0.9526188984995188,0.26234951190673494
101,1,0.5167676920267629,-0.2559783765169053
102,1,1.204336278543023,-1.098763816492708
103,1,1.2566984494984084,-1.227730672188725
104,1,1.0940782047463662,-0.49946548573748134
105,1,0.6164638383235788,-0.06104682817694075
106,0,-0.018418103804722197,0.44520636787489937
107,0,-0.8646193074277948,-0.2913337574175824
108,0,-1.8066185585729244,0.68832820114869
109,0,0.6857259176675452,0.849736324264226
110,0,1.4563737889530735,0.47729779997642674
111,0,-1.6431859823986974,0.7020817906772032
112,0,1.4393464146588109,1.1915783003026237
113,1,0.6528239629159235,-0.6366062413637231
114,1,0.588790383426626,-1.3612396509558344
115,0,0.0005774745039839324,0.5957423871782266
116,1,0.964326542283367,0.2490458153067292
117,1,1.5517198412974917,0.16691379277110702
118,1,1.308141913308488,-1.506911322420586
119,0,0.6498734643392446,0.9655980195407421
120,1,0.17069448956254252,-0.278284697204445
121,1,1.2560683864935616,-0.16786217862309727
122,0,-0.18700591398994643,1.239167744983655
123,0,0.9573252295374094,-0.042692435721122024
124,1,2.4796148709946024,-1.0393316873076344
125,0,-0.2444814774354099,0.8919852183588322
126,0,0.9875320545449005,0.16465168008532272
127,1,0.5769098576294525,0.06367810636253213
128,1,0.5117302039097995,-0.8003890085191212
129,1,2.5841178170562524,0.8894682609312684
130,0,0.3284721310578202,1.4290614246428368
131,0,-0.2080424432093117,1.6427056249455894
132,1,-0.2905902868489262,-0.9508791323549761
133,1,1.5629814616878552,-0.5158144051301331
134,0,0.32629045504338977,0.5545269974735763
135,1,1.927306155222306,-0.9729596812331991
136,1,1.031877784900716,-0.5696266458657473
137,1,2.6725665065547517,0.3219247372050822
138,1,2.3952453473381405,-1.0096943036193513
139,0,0.8311131131373827,0.5679502352601137
140,1,0.053035415528612156,0.38417466684856566
141,1,1.213134907020914,0.06707257560082391
142,1,1.1565075008582215,-0.003677651204795296
143,0,1.0518971952314446,0.016001332953348157
144,1,1.2139247578164882,-0.393005707042412
145,1,2.321650407155513,0.9941766740667632
146,1,0.008752037660863854,0.3679274792889837
147,0,0.4328470788695773,-0.5118490240742241
148,0,0.8232817637642735,1.4217699331512617
149,0,-0.3592847062133398,2.2185786139309203
150,1,-0.2526538628428796,0.11546525291083617
151,0,-0.9754063053663515,0.49185715910671773
152,1,0.08415268685557975,-1.206913541605448
153,1,1.9001104336163532,-0.31002788115439534
154,0,-0.28730243507925696,0.942315761225937
155,1,1.7207966837222395,0.6818031857990963
156,1,0.6409713356364353,-0.3367069596970869
157,1,1.7819069907166356,-0.021373566332683877
158,0,-1.28842864157025,0.5167011210181338
159,0,0.43858418419823775,-0.5598276221441939
160,0,0.41486862451936585,1.3997728109249112
161,1,1.9878483822861575,-0.0413849585451492
162,0,-0.5167758909609272,0.38269790933544023
163,0,-1.0134455744484896,1.3688217599196286
164,1,0.74462290645893,-0.2762849723579269
165,0,-1.391681148657288,0.6862291326686092
166,1,-0.6248912843489163,-0.45525603765645384
167,1,1.216978871417463,0.3633800917494465
168,1,-0.4467461661055089,0.03674439338243335
169,1,1.3162164638788387,-0.28181108526406373
170,1,1.0455684332585735,-0.5601236001895536
171,0,0.5934519290187363,0.7646196910081126
172,0,-0.25491040354308614,0.8799461693396833
173,0,1.9155135498733684,1.0192689564673876
174,0,-0.0059263693912327,0.5523057930013606
175,0,-1.1940245488049095,0.6775242967251311
176,1,0.7022447386006752,-0.7385207836821468
177,0,-0.5668366659419661,0.6767328782176084
178,1,-0.014902540327949142,1.1287212630158092
179,0,-0.6572565093708435,0.7489095526050942
180,1,0.7886758761816817,-1.0749656390223974
181,1,1.7386490318172112,0.12302956138522747
182,1,-0.08465902053990143,-0.5667630206187313
183,0,-0.08864131302738623,0.6841984933364404
184,0,-0.7178725870761393,0.4505218506860518
185,0,0.7185498310882914,0.5669227663199912
186,0,0.08257646562638066,-0.12929802593504824
187,1,2.211784790358786,-0.4802410927919994
188,0,-0.1325650113029847,0.09996103435824705
189,0,0.6442100484004036,0.2505408501889026
190,1,1.4545651460144402,0.2666618072596904
191,1,2.6337769443495582,0.06902969427250873
192,0,-0.4963828355666119,0.674755367190131
193,1,0.09719242252440216,-0.5838689437104433
194,0,0.4966408026208888,0.8645778294675122
195,0,-0.24920387959459156,1.1614556271333287
196,0,-0.6546710765364279,1.1383533358174944
197,0,-0.6105843471683832,1.2463935929632126
198,0,-1.7768833901073555,0.7713660227643269
199,1,0.5163700830070179,0.4193404507012663
200,0,0.6853799998624894,1.7032922341594827
201,0,-0.40523962434236455,0.5911811967041982
202,0,-0.04371002412726427,1.5151222718772277
203,1,1.4309849663176677,-0.2615341836054731
204,0,-1.0666403730213294,0.00525255912319933
205,0,0.19029605144340764,0.8635631027288616
206,1,-0.36751225974523394,-0.251864762664504
207,1,0.010142854654674549,0.6440592614012564
208,1,1.6193183762224428,0.8625077219461056
209,0,0.9868228889993806,-0.5157183188913732
210,1,1.2837102516867682,0.6341420850387138
211,1,2.1903603316928266,-0.020306174188268772
212,1,2.591666010156515,0.5110418225599817
213,1,1.5313655280728575,-0.23471424168675523
214,1,1.6537308497418408,0.6521737164420031
215,1,1.7971238849511748,-1.2238411701953535
216,1,0.30628615685015104,0.5425864539740243
217,1,1.0634884996976757,0.89673760916935
218,0,0.23905632677535282,0.8192151202947385
219,1,0.3579692496562288,-0.006017332676992858
220,1,-0.33206753914962317,0.16535178089637592
221,1,1.452961662959722,-0.30886303240802615
222,0,1.126125646610815,0.2984045311723357
223,1,0.9866876867136887,-0.6501099723577372
224,0,0.9244403211793677,1.1942053374135044
225,1,0.14472160284395374,0.7614705161644295
226,1,1.09245966356384,0.11058382956328094
227,0,0.513047105067313,0.938888870181049
228,1,2.2813079846416073,0.31274131229140867
229,0,0.7134362716163021,0.6712155087184319
230,1,0.8388125687928822,-0.8858433207816421
231,1,0.20528301765338053,0.13040696465361473
232,1,0.9869015629011259,-0.7311780646527877
233,0,0.9965016645365168,0.6523862771894472
234,0,-0.03701549652375849,0.06747385605334733
235,0,-1.2570283232241877,0.6152842353985475
236,0,-0.3091439970655126,0.6270133541645571
237,1,1.2688913817492367,-0.29202440420945963
238,0,-1.6193604129769725,-0.053463860439191116
239,1,0.8073732700112347,0.06243785499400241
240,1,0.28976546257813746,0.1874137098207275
241,1,0.5680573865392151,1.2041436530804073
242,0,0.9894570428227316,0.024291238700916096
243,0,0.03562376284141,0.7887093614673346
244,0,0.565702070801058,0.02808496907343394
245,1,0.6657720881272164,-0.15867979207363164
246,0,1.0397693123234744,0.8872943947055703
247,1,0.766480204414687,-0.31118697357607383
248,0,-0.9969438797564535,-0.09779629824062716
249,0,0.6024511532337908,1.4126939878666196
250,0,0.1427904861920667,1.1806947542248412
251,1,0.6254385662528057,-0.4517853736253473
252,1,0.14696079938937268,0.06818698646313087
253,0,0.2883457415393328,1.0418166235533959
254,1,-0.4744947128313546,-0.04247270845409479
255,0,-0.0873325429594698,1.3373536103618013
256,0,0.6002349908044666,1.0954399323259416
257,1,0.02833012756683273,-0.7419074775874522
258,0,0.868361815472138,1.0067677864606033
259,1,1.353676578802963,-0.35645924220592784
260,0,0.7490553924069707,0.5090023284827726
261,1,-0.06520212195205644,0.6299882871256139
262,1,1.1596026978014575,0.01753978625134882
263,1,0.7952817255625361,0.5615616646667881
264,1,-0.08741216107247107,-0.5463000215072484
265,1,2.072886153577151,-0.11852374410460101
266,0,-0.9250187681245614,0.47066888879613344
267,1,1.7023257957628712,-0.8341059070752422
268,0,0.24608658861572252,0.36706383321592384
269,0,-0.9918140909304111,1.4019910484141647
270,0,1.3954775852613814,-0.6238170238263951
271,0,-0.5257865654624276,0.550313465564558
272,0,-1.764143033398951,0.30492322184041976
273,0,1.3482708178881198,-0.5354629297587236
274,0,0.35705901248722877,0.1572293092840965
275,1,-0.913820268629487,1.0901038216428987
276,0,-0.18120327717492424,2.1654310674233246
277,0,0.44973835834798076,1.0365089159653722
278,1,1.311160243683675,-0.2959360541304438
279,0,0.1507707170388043,0.4930606158840725
280,1,1.6071884454128658,-1.1044374290508485
281,1,-0.6434341072402894,0.9301022477188384
282,0,0.8960849730852055,0.8811272998578862
283,1,0.6860999375335971,-0.08191399907466232
284,0,-0.11368296429734978,1.3898736097056905
285,1,0.7260806144616403,-0.2847769817520178
286,0,0.6282167882523386,-0.2972240731669771
287,1,2.065805020551943,0.7407475225363866
288,1,1.9894747037926421,-0.1605964731608131
289,1,1.6098813027225067,0.0876319059435213
290,1,0.7523715798115322,-0.5733156961497712
291,1,0.18113714757846353,-0.2624851177220004
292,1,1.11259617152781,-0.7450028588247005
293,1,0.9183882644773295,0.39406084373355543
294,0,1.0933900503733673,0.19893858468976505
295,1,1.4393187796336946,-0.19874967746826294
296,1,1.2233701447758656,0.1385730871774934
297,0,-0.9165806477760824,1.35065688723293
298,0,-1.3476747079729487,0.9073946910115869
299,0,0.2924008622892482,1.0836154004331335
300,1,-0.15094684057241392,-0.6726732576279081
301,1,-0.16234158773745422,0.2873926941988413
302,1,-0.5937686129650293,0.49291032875258456
303,0,0.08741301561235004,0.19413828824560703
304,0,0.5235293722747696,0.17143138741779262
305,0,1.5417015310162578,1.7566731573438537
306,0,1.030948660765404,0.9134124126642513
307,0,-0.2528115543612519,1.4750518798309011
308,1,1.6104324878759895,-0.26752003439130223
309,0,-0.01811111385988072,0.5917016952796882
310,1,-0.13258898212060705,0.0987616136535942
311,0,-0.08202691529139383,0.9332454702619439
312,1,1.5636422484328267,-0.6182746591030481
313,1,1.502671180702209,-0.6131669656190938
314,0,0.26066772555308826,0.40175771416551087
315,0,-0.2746131518040035,0.9415905188516611
316,0,-0.5547488783676651,-0.5903722109035574
317,0,-1.9291073430104713,-0.1409723529811161
318,1,2.1790736934546255,-0.20135511085267926
319,0,-0.011783478350614107,0.2977957138444409
320,0,-0.8323592282297858,0.7685022989052692
321,0,-0.6317533503967327,1.0328755254952386
322,1,0.6145415465773794,-0.4404282273523907
323,0,-0.0787733897425374,0.14889222832760518
324,0,-0.27264485214363765,-0.047743636248729085
325,1,0.6224248466564334,0.8354423775122771
326,1,0.8770179735214063,-1.529461049325436
327,0,1.6676941792438467,-0.31625421520386565
328,0,0.9903925495971215,0.9068414968548165
329,1,-0.9768877473312723,1.0640924548105766
330,1,1.3144706078606765,-0.9610386524756647
331,0,1.1975535778174775,0.589932206644368
332,1,1.121815540936395,-0.8150803416630226
333,0,0.6677112618391586,0.3604084916485526
334,0,-0.5438647051243632,0.3865900950760075
335,1,1.0196233605462013,-0.9811649670849818
336,0,0.9269755617709873,0.013018871487096018
337,0,-1.0040428164146633,-0.2670381245704646
338,0,0.8008929817924455,0.06401063523439054
339,0,0.3841042541101629,-0.12464645670011598
340,1,0.919016173479075,-0.6407121857334652
341,0,0.48246358248923377,0.5698186189676946
342,1,1.2806517375265376,0.20260351066008125
343,1,-0.2683867629082255,0.12486736704449308
344,0,0.3813731682857363,1.0657477911283944
345,0,-1.0024452199640366,0.49627050595870004
346,1,0.24845773302308147,-0.40573959621842765
347,1,1.5972584015616407,-0.7660418755537302
348,1,1.9176499438726293,-0.5176126408188341
349,0,-0.5351188053122405,1.1775042532492561
350,0,0.2018543273058152,1.2995733726947312
351,1,-0.22336061555483577,0.002419119146791493
352,0,-1.5657642324196983,0.14682608382679097
353,1,-0.14419313380997167,-0.44148497744685417
354,0,1.0422303362332077,0.06265754931245558
355,0,-0.1457765900290791,1.0386165153772724
356,0,-1.2489075082968322,0.8904574953222537
357,1,0.7515432254126344,-0.5428914046302218
358,0,-1.194277238242804,1.3600907713466825
359,0,-0.29175684145227354,0.20526093370624499
360,0,-0.15342523070432645,0.4712135164784559
361,0,1.2744812297903796,0.555773321152611
362,0,-1.2708829014191465,1.535465116493929
363,1,0.9441202260303474,-0.9145554859777095
364,0,0.0030106574396300267,1.4151920824516608
365,0,0.1516400645477895,0.8423660178480227
366,1,2.221129461184214,0.004650246304244748
367,1,1.0893885204728535,0.24766497127016918
368,1,0.7263734277304862,-0.11483404700911998
369,0,1.5879763665234388,1.6259270918953068
370,0,-0.5784543763198147,0.38288800824994407
371,1,1.5313630128738995,-0.3296503701432213
372,0,-0.3706877422950817,0.455976423800861
373,0,-0.5701409748719327,0.7573665953239276
374,0,-1.4421587989358784,1.9307760641537497
375,0,0.947759981814035,0.6893352353510638
376,1,-0.23334167944267842,0.21155689067199668
377,0,0.531539032132713,-0.29854068886999097
378,0,0.4498758413739269,1.272229527682915
379,1,0.514118745378079,-0.20482895475035756
380,0,0.8130385730397885,0.5149838937109084
381,1,2.157993334561018,0.14827522122808012
382,1,1.5892927468500002,-0.02945649412584661
383,0,0.9680959239216764,0.07842693158293107
384,1,1.7615374844387817,0.12224660236438734
385,0,0.3795966855850067,0.7323569238119902
386,1,2.002535852060645,0.8269283680071846
387,0,0.05017257786351517,0.6529814864946091
388,0,-0.732191982286424,0.8985906125628752
389,0,-0.4623333807932517,1.872456892230662
390,1,0.12411660810903943,1.811982768037415
391,0,-0.7607875313513931,1.0661356443703351
392,1,0.20478430698253242,1.1320396597418099
393,0,0.6769186311247295,0.22225515468465987
394,0,0.320097946386244,2.197477313687301
395,0,0.44339903478679166,1.3936872125045754
396,0,0.31012987323926944,0.1795642895012075
397,1,1.0473784203240626,-0.23875067762174043
398,1,1.2582708248645602,0.5717575492910774
399,0,0.8632026306917668,0.6371430779977239
400,1,0.5041996394949968,-0.018806588062013574
401,0,1.230126108873812,0.7924741881260394
402,1,0.9727654357816937,-0.4735708155982472
403,1,2.043490174130558,0.3646665649851929
404,0,-0.7521025801935842,-0.4317748455857389
405,0,-0.2962225302738182,0.7768309300866845
406,0,1.2257054937224487,-0.33438736712683925
407,1,0.91540312511217,-0.9127572883211004
408,0,-0.28660315351442783,1.1024375319162778
409,1,0.8847235523676524,-0.1637624812818318
410,0,0.49017763755997523,1.1470489491789515
411,1,0.3062579182072135,0.01416971618161092
412,0,-0.7472573421570872,1.1094453157724296
413,0,-0.8785682287323182,-0.10389876146981478
414,0,-1.3785850056415998,0.7137637841253937
415,0,0.8611338361983522,-0.3228743020867696
416,1,2.2738685187476833,0.38791248747997736
417,1,1.6018506891437725,-0.6594952344707571
418,1,0.2863370352059206,0.6486648930528817
419,1,-0.2666051793893154,-0.32055295617887425
420,0,-0.8278830253218064,0.2773324416767103
421,0,0.3819065455628707,1.0005415674917837
422,0,-1.358483947674511,0.7212795006337458
423,0,0.4508663652701709,0.10184631867689312
424,0,0.19960344062504104,0.7250139619108373
425,1,2.495350925567818,-0.530445053008988
426,1,1.1716227669969088,0.2833609738095602
427,1,3.4500872309085304,0.019576142272025726
428,1,1.8648819316738046,-0.21750304156863048
429,0,0.8511531532040252,0.7327309827252488
430,1,0.1858471762075936,-0.3068436770318948
431,0,0.2327403459792073,0.8162695023913338
432,1,1.6593833100875015,-0.4640164992247635
433,1,1.9558086981388736,-0.37237331119294886
434,1,0.5524018288621821,-0.5763566419792068
435,0,0.40558105929161886,-0.26013293983895946
436,0,0.686401572417829,-0.14639906205129688
437,1,2.3979813477097327,0.02299041173469113
438,1,2.5907987453972696,1.030547833156462
439,1,1.8757527322659278,-0.1335567582829092
440,0,0.30088916133355426,0.7990239390685278
441,1,1.6844718923402062,-0.05037533173781231
442,0,0.5410660290352487,0.897399837391776
443,1,1.4262151993955088,-0.7558761597856798
444,1,1.4450234479873276,0.2743069150696422
445,0,-0.14241268161579046,1.3093724107896039
446,0,0.7391359402980222,-0.42327233424617816
447,1,0.24930647433062114,-0.693698327171843
448,1,0.6120413487191941,0.6074905186045857
449,1,1.9340916585086116,-0.9233992438711747
450,0,-0.009437234201529643,0.9659729375467687
451,1,-0.5448932837302763,0.5954860889583895
452,1,0.6975356842986524,-0.27869657719713214
453,0,0.03831901336411786,1.2614996494845327
454,1,-0.0005763646333723366,0.6414346609854924
455,0,0.8017875885796181,0.41178597069352496
456,0,-0.4478677699289558,0.06408244413952313
457,1,0.6522972310465578,-0.20408068108858124
458,1,0.5454993709782516,0.4005504486303341
459,1,-0.19238236166223388,-0.1526009543786032
460,0,-0.4868539362784644,-0.08632357321352219
461,0,-1.2250787977761655,0.3237691461788328
462,0,-0.11612385825660376,0.8885888901264797
463,1,0.8410988376538047,0.15522185329853688
464,1,2.295959564616938,-0.30790100906019247
465,1,0.8011459347390093,0.383008760601675
466,1,0.333618298461226,0.8293486786411077
467,0,-1.3532817301097115,0.8836016375946607
468,0,-0.45520781380172765,0.7851487453243783
469,0,0.2724842020890723,0.5225144217711786
470,1,0.9260707805020607,-0.47774010445421555
471,0,-0.1293758263183273,1.411420206594501
472,0,-0.007975624169381426,0.40735288831013516
473,0,0.14824818375901358,1.0652687357994832
474,0,-1.5575640708925085,0.4296810946699043
475,0,0.6942877722011842,1.8470165795071098
476,0,-0.320486756386434,-0.01935099137962104
477,0,-0.7732931144423053,0.574765055092658
478,0,-0.08933801620297421,0.3224298608684009
479,1,0.9416639290335032,-0.3094628770570768
480,1,-0.19185536597055597,-0.647049549577214
481,1,1.100791999016867,-1.107034554226939
482,0,-1.568946217582365,0.42471451559184636
483,1,1.4322739994387652,0.17244499997987292
484,1,0.0884911199424084,0.5924367275298448
485,0,0.013284416519918643,0.9047946776868367
486,1,1.6027003790682848,-0.6110839216651328
487,0,-0.01982632192900341,1.0051691804306888
488,1,0.5849194925077735,1.4988594820628804
489,1,1.1305558665731104,-0.8824009904318955
490,1,-0.11920367195581483,-0.19106358959008884
491,1,0.7301298873192874,-0.9815633420401075
492,1,1.7901495311212237,-1.220792510971907
493,0,-1.6410776135450296,-0.10786660729770467
494,1,0.3607472998525128,-0.4292362192834588
495,1,-0.03355616717323723,1.5300872151191185
496,1,0.5338459880984121,0.20492108180443439
497,1,1.9830610056885731,-0.2046987940757643
498,1,0.8165780670125159,-0.4474095440135343
499,1,1.0560674318968724,0.022110716744365266
500,0,-0.5869475920276843,-0.6044703654850531
501,0,0.09137890607196303,1.9528427934819648
502,0,1.6216689024490254,0.5354768436115018
503,0,-0.6132639170502089,0.39748785530177655
504,1,-0.5273781790538441,0.3642904938151502
505,0,0.2525993575941309,0.8602365376736508
506,0,0.7407462373015671,0.5932011838873442
507,1,-0.1602499386596,0.5978795350507338
508,1,2.3506691319435955,-0.32820515307713677
509,1,-0.42745665481526707,0.008194471281822671
510,1,0.9568509203798607,-0.5939030622614152
511,0,-0.4398326835687458,0.043882580120154224
512,0,-1.4814456076831164,0.5486007907829304
513,1,0.7596493668292901,-0.8203952925751757
514,0,-1.362193596945266,1.4929619642378906
515,0,-0.7978291131108417,0.01275176672621764
516,1,-0.5940213286786914,0.1515125110453227
517,1,0.9131334292445147,-0.27091893861634336
518,1,-0.14675466746704716,0.6216920115909517
519,1,1.818885378952542,-0.08822580655315704
520,0,0.5834113159838213,0.8236598055487138
521,0,-0.6294454278381039,0.8005661065815289
522,0,0.6121613269722387,1.145470097999116
523,1,1.0143884492547306,-0.6085527847324256
524,1,2.0844480118542954,0.23347029387977308
525,1,0.7703870756428105,-0.7865329272534398
526,1,1.330372872114078,-0.09518099335486763
527,0,1.27564905952417,0.4157019936203008
528,1,0.7305239395276544,0.3770523564248103
529,0,1.1181557868044627,-1.2614156395909157
530,0,-0.21347345750616076,1.0590414122070337
531,1,1.1839623588004566,0.4467210420842286
532,0,0.9420144112632718,0.4080852160914987
533,1,-0.32312619383397895,0.9507871802998891
534,0,-0.12106694773636495,-0.04330159554969376
535,1,-0.3583125689780823,-0.5768170223982594
536,0,0.7828580998043679,-0.16588945408070688
537,1,0.4758808789660087,-0.06989773966365258
538,0,-0.6044757591523024,1.1367274676879762
539,0,0.7679965973315239,0.5552373867759011
540,0,0.5788176602973414,0.4947493090461175
541,0,-0.5406554124291079,0.4261089228389856
542,0,1.008150360938756,0.8010964092704298
543,0,1.5030645557913682,0.28194585903504565
544,0,-0.6919645216837051,1.062819545558967
545,0,1.0157994384629394,0.24274140306144143
546,1,1.4011022558751833,0.3210621545189335
547,1,1.1756126618213056,-1.013236840254963
548,1,0.74928190826937,-1.5436779703717167
549,0,0.259681100259225,0.8981822278378913
550,0,0.5195560163189187,1.4066039303872517
551,1,-0.7487223366178403,0.9436664358665494
552,1,2.1962020618397555,0.260502428364749
553,1,-0.024135046804022564,-0.32727940963507174
554,0,-0.17946893411291423,0.04282145050528241
555,1,1.39967766828792,-0.23249491086671686
556,0,0.7345009536277216,0.7275953444836524
557,0,-0.6251833474247608,0.5524588523472137
558,1,-0.7633893995296352,0.4601193462347538
559,0,0.809507228914392,1.2638458970548576
560,1,1.9027121191968543,0.5117909902930279
561,1,-0.34148909524420035,-0.932962022425754
562,0,-1.7652003235187457,0.017063093681498526
563,0,0.45567073771332767,0.9359602793965267
564,1,2.6130322967494433,-0.0163559815951803
565,1,2.3387213705389502,0.7519427741607375
566,1,-0.509679108260288,-0.03319659781475939
567,0,1.1031647384447456,1.3665887719199203
568,1,2.6828676598752854,1.3222135938607298
569,1,2.058140889234943,-0.1983623831303849
570,0,0.6934722999564129,0.38169368357816347
571,0,-0.16793278518353175,1.7060232159769138
572,1,-1.088061166340771,-0.6636659124550738
573,0,0.07323154394869874,1.2220841833925131
574,0,1.34742025674486,1.1009522571172126
575,0,-1.2817742125034743,0.6746150683262317
576,1,2.11107103152394,1.2437107545493569
577,0,-1.0129177310235844,-0.012570072087171369
578,0,0.6249017451672784,0.694425744196872
579,1,0.6549460879698615,-0.5868029850872706
580,1,0.607338375220517,-0.9490754394982147
581,1,2.091325205696002,-0.5724033354825202
582,1,1.8914697840302208,-0.7447424325962625
583,1,1.4675526872135838,-0.3192562210346618
584,0,0.22321901626277074,0.6701096395129673
585,1,0.7900443584054228,-1.1718616799443782
586,1,1.7742008242381957,-0.4698036411062646
587,1,-0.017614806557916696,-0.6154848831734838
588,0,1.0229865618362888,1.144846443810509
589,0,-1.2731896298662793,-0.05779395630173895
590,0,1.4235963505255582,0.07876117185954395
591,1,2.350481399030584,0.4131022936374798
592,1,0.034564102638491426,0.5014823622349062
593,1,0.4940770795635168,-1.2355987279020866
594,1,2.2435170188642046,0.5051822533773194
595,1,1.2166636969297795,-0.16582012182539355
596,0,0.12766153832604676,0.5527807023139375
597,1,1.0113217307827584,-0.52372755369706
598,0,0.005130656436794889,0.8202958279350289
599,1,0.5217414055556682,-1.0584162974962545
600,0,0.9827721919303045,1.2618689057420815
601,0,0.18079420547684222,2.3765847679559684
602,0,-0.5405380812135729,-0.04955464203408117
603,1,1.01685776111961,0.1561198025249259
604,0,0.9310724839475844,0.7171343246634034
605,0,-1.118555580004611,0.4382890625929301
606,0,-1.2419831334200553,1.8114746425958135
607,0,-1.2149239196478157,0.9900920818930049
608,0,0.07650050344049475,0.7846843383657125
609,0,-0.3409610779460186,-0.673549122487457
610,0,-0.28087555070761067,1.3198601960864274
611,0,-0.698179755263225,0.8254660754715195
612,0,0.9506066634070072,0.8528731297862195
613,0,-0.2486216248921765,0.4762216113534897
614,0,0.5993528131058509,1.1989476403721477
615,1,2.443233984487496,0.6380803865788537
616,1,1.3543107644022976,-0.9156764863017787
617,1,0.14593707188030702,0.07680147250863809
618,1,-0.8720814248934007,-0.05505898989752757
619,0,0.7322332876246913,1.0213747234894643
620,0,-1.193131801947591,0.46198535849014205
621,1,-0.17944982730661174,0.4436309088675796
622,1,2.1284924007779074,-0.29058180370698805
623,0,1.176937278549763,0.7552704256205374
624,1,0.46041433966374645,-0.5815669255418436
625,0,0.44525594707061034,0.545495688608792
626,1,1.4549554511228688,0.3262676298472218
627,0,-0.4490385732415214,0.3692048755135241
628,1,2.146992651917777,0.857706003748757
629,1,1.5450632534657,-0.11925077981676113
630,1,0.7436101880930648,-0.9361802838483495
631,1,1.9782666793653767,-0.36412164144264625
632,0,-0.9088344163000919,0.12579250456188307
633,1,0.800445904789627,0.29920199319537377
634,1,-0.2470893462745239,-0.08742414240278285
635,1,2.353625880747784,-0.20768131832317555
636,1,1.9125946466365638,-0.5453668250072224
637,1,1.1771981372254248,-0.8864665142958794
638,0,0.8719655903778537,0.44966218934695795
639,1,-0.42715282116480735,0.3560547078693366
640,1,0.7647384367568894,-0.0066109774400398
641,0,0.7531587769267928,0.6455470380628301
642,1,1.5686931248156952,-0.6906408388536422
643,0,-0.7455781025762982,0.717434584379483
644,0,1.0886928105446858,0.7484726574210003
645,0,0.9841190653028681,0.5130092672816178
646,0,0.33205388428828864,0.8980275144846022
647,1,0.47269167472653734,-1.0352551584906364
648,0,-1.2715943684560145,0.18257318772335407
649,1,1.501906316771951,-0.41767287831648475
650,0,-0.5671984371472146,-0.45027538887391816
651,1,1.5386978028937055,-0.6625998781438152
652,1,-0.5850543951228515,-0.23953127927239537
653,0,0.11385777025486607,1.03828078176835
654,0,-0.6592793919527263,0.7102776166024519
655,0,0.6089792956133281,1.0649125977421607
656,1,-1.2121443844274866,-0.7531053610343438
657,1,0.9403799053873719,-0.10623237582277317
658,0,0.16361370301474049,1.7287734419849952
659,0,1.3186675797535017,0.2889531730723065
660,1,2.5002608439121623,-0.3312841824543101
661,1,1.8132041645189347,-1.5945095814189445
662,1,0.6184798351046049,0.4548920223922223
663,0,0.6387319702135961,1.8428196484107184
664,0,-1.1006652246459017,1.2851717712445483
665,1,1.8452024661387705,0.3269950754656847
666,1,0.7707465305039471,-0.4123904361416006
667,1,1.769280380557339,-0.04287649320478104
668,1,0.5434162037562895,1.3839922235100746
669,0,-0.46771135535433894,1.1008669803414615
670,0,-0.3509912768347735,0.8106489215918466
671,0,-0.004097079094500189,1.3121693796938487
672,0,0.751156183545663,0.5880656747492388
673,1,0.38341273021770816,-0.2470270969827403
674,1,2.4314005381773347,0.4790511690004614
675,0,-0.012320682960178922,0.23225458315476222
676,1,0.28398180507059767,-0.41252051804156864
677,1,0.8746960460647366,-0.7577594106292875
678,0,0.11743474654280253,1.2150266787596942
679,1,1.7788830156472986,-0.6279009309077699
680,1,1.8323261808367661,-0.8938530186682306
681,0,0.5942652130678795,1.3791111616711649
682,1,0.9565961648662431,-0.04506648792781087
683,0,0.9104595227064494,-0.2417130510338204
684,0,-0.3451385689844335,-0.602187383553918
685,0,0.6075853045886087,1.6470126449602476
686,0,1.2296524307391374,-0.5341357695203874
687,0,-0.9650554789475454,0.3655855764711097
688,1,-0.07643809897597678,-0.24307034068668087
689,0,0.6151644053234627,1.0554888027150569
690,0,0.4499579200680539,-0.2634481239982762
691,1,0.7820102198672982,-1.199515217285018
692,1,-0.36202703781215273,-0.543698843763389
693,0,-1.0239769931479337,-0.15833584064886763
694,1,1.4600320403723588,-1.102181131166645
695,1,0.5272843813402373,-0.1427538359262976
696,1,1.57688888814667,-0.16965138772459792
697,0,0.7519783814264629,0.95122885389041
698,0,0.10044167048410477,1.804303831585173
699,0,0.7731449914525599,0.1404665863503438
700,1,-0.20655176583766888,0.16109250172485468
701,1,0.04582374385166847,0.4545351599755505
702,1,2.1596697738651116,0.11582528534205677
703,1,0.4745635606312832,-0.5342625194123344
704,0,0.4035819044133935,0.8140186434879779
705,0,-1.0644041285981143,0.48475104941393676
706,0,-0.4357091416741844,1.8691320884141889
707,1,2.0209280619394785,-1.3821388836461772
708,1,0.7499680847872889,-0.5233593106646559
709,0,-0.5355844978886197,-0.23003842795253637
710,0,-0.29517161545990306,0.9238357362789038
711,0,-1.0377321866118865,0.6481144382000037
712,1,1.3202176644004053,0.5926524102174966
713,1,0.158617628226648,0.5627553011857551
714,0,-1.0683999840448684,1.3923060993283396
715,1,1.3399910858183524,-0.4337362544540666
716,1,2.5341197689199415,0.11479907906187391
717,0,0.397396083312276,1.3867809617429918
718,1,-0.012039677056235765,-0.05234753843846071
719,1,1.5277730388785071,0.27943849148185185
720,1,1.5609062351342526,-0.24462174017253302
721,0,0.07427064543514506,0.7908681804165321
722,0,-1.1599610719809887,-0.04131032347006375
723,0,-1.1314695300375401,0.19094489866941133
724,1,0.4535083412190437,0.41925906662763246
725,1,0.051992808836627546,0.6015372067387901
726,0,-0.7873772913641228,0.8002657660315136
727,0,-0.37300135985256655,-0.15602223538382928
728,0,-0.4350548241560386,1.3817109050484295
729,1,0.7841957653803803,-0.23670113442822566
730,1,1.511578415588435,0.28708208689063996
731,0,1.5633254023813645,0.5816983807247872
732,0,0.05324906119721773,1.8948406172159107
733,0,0.10031261539181757,0.40580517334821375
734,0,-0.8449836779630253,0.6658429020438934
735,0,0.012517378062163381,0.47141238182003753
736,0,-1.1151603477790344,0.6310227444845383
737,1,0.8662781485615503,-1.191635735162269
738,0,-0.2960772991352243,0.12111320423678158
739,0,0.8297351075642073,0.3789932751521164
740,0,0.7938152884906491,-0.609760830067916
741,1,2.293925643288815,0.2793020463239336
742,1,1.296800698360967,-0.4318141073127759
743,1,1.605156826907946,0.1505926253502838
744,0,-1.5913394079822933,-1.031915109334863
745,1,2.7256419765574793,0.3388170134275199
746,1,0.24880973052435623,1.2317772582033033
747,1,2.3283781054428943,0.37028521256375035
748,1,0.707392530887527,-1.2020491855501625
749,0,0.8084254573444469,1.103418975119214
750,0,-0.5299245948746392,0.6511138297032012
751,1,0.09593681216147507,-0.30434669508650253
752,1,2.0199554363726246,-0.20079325078337928
753,0,-0.9898004392496662,0.8022843315541712
754,0,1.0901367770490795,-0.745808763076108
755,1,0.8569577324048588,0.2868559839325585
756,1,1.9445876277681238,-0.29767542219098553
757,0,0.04936818016454181,1.2462323893082279
758,0,0.46801966228093955,0.7233406906619555
759,1,2.4970282623809577,-1.1005556944380839
760,1,0.4595702353428822,0.38284089649327824
761,0,0.42950203181343505,-0.16152053422452328
762,0,1.3069316547704735,0.9382693814075316
763,1,0.6163965461500118,-0.31747192219365283
764,1,1.5817950956533926,0.2901159251343317
765,0,-0.7596421488822734,1.0357443364216123
766,1,1.739682058873924,-0.7983405650176884
767,0,0.13042429565709135,0.3149573627639123
768,1,1.0847386558669982,-1.5495646312381808
769,1,1.7203083142398141,0.27952838980858996
770,1,1.702433827849822,0.1000614736453792
771,1,0.8415223479869405,-0.8954401349478518
772,1,0.748880911205386,-0.900298922690329
773,0,-0.06225832040077574,1.334794387241204
774,0,0.6133570711732969,1.0082643089853986
775,0,-1.3442569666956774,0.6702864534619424
776,0,-0.8499431494109335,0.8996645462485672
777,0,-0.8013820014408375,0.5500098333566459
778,0,0.8692210220329961,0.5158202591039693
779,1,0.2458711318846692,-0.28952251078688007
780,0,1.4267036402728606,0.8929599513322048
781,1,0.6570009654352905,1.2670253209468485
782,1,0.11776234874734137,-0.820864720978347
783,0,0.5174854346850997,0.48787442825656835
784,0,0.14680325791164578,0.7956651035568317
785,0,0.8712962219608127,1.116426064963305
786,1,1.3635755933527767,-1.7357765755534378
787,0,0.44700720787250714,0.28399549812478936
788,0,-1.2767812482157468,1.602376281129147
789,1,-0.029761295558635034,0.19931303017573265
790,1,0.902366231247866,0.3934287117696744
791,0,-0.6353273877344712,0.7789743315043529
792,1,0.32111718799757394,0.37898053507842133
793,1,0.2856912182050722,0.6952213982840166
794,1,0.37384983349669354,-0.21155339881053875
795,1,1.8533101766459712,-0.40552694200283934
796,0,-0.4432191262147442,0.7038517038142236
797,0,-0.9764598886007835,0.21925305941653037
798,0,0.845373542405859,0.6462216490639214
799,1,0.5209042731543975,0.17805483579540793
800,1,1.398894536103934,0.7890988399871945
801,1,0.39029481445331865,-0.7913119914772153
802,0,0.4731852674869423,0.7935672975084644
803,0,-1.1182254751698049,0.6706408167744413
804,0,-1.0941755265655204,1.2899931248051093
805,1,1.1417347799994761,-1.102771945615463
806,1,0.5890825176578873,0.39032313255020623
807,1,-0.027800803535064866,0.34966238200372945
808,0,-0.3720354852110528,1.0603817668717581
809,1,0.5544716164904957,0.7249291095523277
810,0,-0.9632454582571999,1.056993135799732
811,1,2.0324966458255984,-0.7439397781747286
812,1,0.769634233180985,-0.24610859683838837
813,1,1.805282597214981,0.4189397702421812
814,1,0.8153574360977929,-0.977697676583082
815,1,0.7019471721058379,-0.3844238820310368
816,1,0.8232053749849435,-1.0472971516367147
817,1,-0.08354645154286683,0.22570033316502564
818,1,0.38108706190219543,-0.4767762769897073
819,0,-1.1058172691736567,0.8466222861313152
820,0,-1.0944449916894863,-0.003953672131890212
821,1,0.21231952329818338,-0.7221807145027305
822,0,-0.19853883443208153,0.299540401925906
823,1,1.7411207177443757,0.2838425950860851
824,0,-1.3131942777979413,0.7818103944726726
825,0,0.7699714367114399,0.4684342642615621
826,1,2.304827620681271,0.5186493222350924
827,1,0.26698848093615624,0.04698653262534447
828,1,0.07014165183309456,0.2658340523657598
829,1,0.944136802579306,-1.1979546427048051
830,1,1.7456166309142915,0.5171473659133742
831,0,1.1256939851543497,-0.9143170536308005
832,0,-0.1571116615699097,-0.3446430122945646
833,0,0.37272130705656203,0.12611563503492051
834,0,-1.04746626133211,-0.2954272109353541
835,0,0.6678580785695605,1.0398650652012824
836,1,0.09614799219507741,-0.38493326272810124
837,1,0.6616056491586604,-1.0302232917366942
838,1,0.0008911124257930045,0.5644665033403551
839,1,0.6187343428500653,0.2219370159816203
840,0,-1.8107171025933813,0.5171834286599942
841,0,-0.32952267314017497,0.739064832924396
842,1,0.9025620899657509,-0.05032860553890228
843,0,0.6928303819383519,1.6145857747216565
844,0,-1.1629897249134657,0.7708296345956103
845,1,1.7595578499883688,-0.034482775866479576
846,0,1.099862357095687,0.508615106907665
847,0,0.21171693707277683,0.9423241466066643
848,0,-1.4696754762384723,0.5780364933205381
849,0,-0.5251315506092654,1.9155207050071494
850,0,-0.024473635510920938,0.010836933009382266
851,0,-1.0722634271762643,0.5458924132771868
852,0,-0.4323732499798099,0.40284609409278815
853,0,0.0878486739642732,0.005703451920234248
854,0,1.539843720832649,0.49184423334617144
855,1,1.7985157072677154,0.06641323455791263
856,1,1.331817733319479,-0.46455189633577937
857,0,0.2871333048934721,1.4515940720973752
858,0,-0.8206097559782621,0.5660572978768796
859,1,1.5511287099772315,0.5955533585614541
860,0,-0.15151275252728968,0.5801172524202869
861,0,-0.4177257887978034,1.3842448767297593
862,0,0.37572214212139865,-0.36152671696608
863,1,0.6094399116855445,-1.1357800984974815
864,1,1.4736494772772675,0.1069265688505262
865,0,-0.16290482287414662,1.376292305793585
866,0,1.4744504340117708,0.8191838162623337
867,0,0.5935459719821738,0.9176016611680973
868,1,-0.0012474319441717046,1.2057078179920895
869,1,0.768533551599895,-0.13517804227804592
870,0,0.22961607310305376,0.14278139436609427
871,0,-0.4741375259999612,1.6379082990977727
872,1,1.4713362560054914,-0.8148122377961162
873,1,1.2141054438201055,0.22365919830459813
874,1,-0.05924246681079125,0.7388927140251651
875,1,-0.6934531609658839,0.8550329823613921
876,1,0.09836897190562327,-0.5964425658756778
877,1,0.4552434556715219,-1.223717386845774
878,1,1.031634902621929,-0.46828609183072534
879,1,0.6752021746243227,0.02136115606899111
880,1,2.516418392746028,0.6842402846004011
881,1,1.9417271505647147,-0.7459957579328116
882,1,0.9449597867992136,0.585862252272953
883,0,-0.6276722396903673,1.2969328941374663
884,1,0.7754166880981526,-0.21567561245015637
885,1,0.5125789798880338,0.9972580410466184
886,0,-0.14367608249859432,0.8666221955863025
887,1,1.9767839246756245,0.14641770244821126
888,1,0.6696885283737949,0.3684307824036313
889,0,0.04095148012661115,0.2828727007184534
890,1,2.0394064143825466,0.5704115326590345
891,0,0.549787618731396,0.7056228001232638
892,0,-1.1633490763024463,0.4064356267331821
893,1,0.35439671565169717,-0.36206754028227284
894,1,2.082398981911478,-0.298030157993078
895,1,1.3598527954410013,0.11682112176566184
896,1,0.01013000931829461,0.5069468643757169
897,1,0.7627127339135624,0.13317697701220932
898,1,0.6219515212777267,0.198013910834142
899,1,-0.6384511586586546,0.14276480110112802
900,0,-0.18898470738727471,-0.1313022589178855
901,0,0.13442582794713243,0.320410833030972
902,1,1.129710662209118,-0.08275356955214419
903,1,1.1836747722542738,-1.0493499585068016
904,0,-1.409244729797321,0.8832970530356605
905,1,1.4294974107617764,-0.5220841706985486
906,0,0.0914285013470213,0.963509917431273
907,0,-0.7832927048238392,0.9265094541360995
908,0,-0.1503415976656965,0.9585008381147463
909,0,-0.8231205752400754,0.48671612864729474
910,1,2.0433511927372763,-0.4966283196201152
911,1,0.8584107376557583,0.061481042320459645
912,1,1.864874918771381,0.9324030059643669
913,1,1.4817286446407798,-0.008193389282528926
914,0,1.5645915804397394,0.22661304232060936
915,1,-0.13381975340201557,-0.554866891781174
916,0,0.9024915321462027,0.2810607576046579
917,0,-0.4584033931067327,0.33020016807999075
918,1,1.4723342950482725,-0.4041162713823838
919,1,0.6722995302288808,0.021451709168248567
920,0,-0.6909106280154971,0.2115664218808406
921,1,1.2516770807786621,-1.4165336291597794
922,1,1.5355571152063527,-1.4259584175508009
923,1,-0.1307774511156854,-0.5567458185758583
924,0,0.6341966042306784,1.1090047586032856
925,0,0.10142084652939132,0.7346762694339741
926,1,0.34541780545897977,0.3929278115866498
927,1,1.8274429214293009,0.12336812195960178
928,1,2.7741470137884727,-0.01624740240390221
929,0,1.7062878706531608,0.21043991275332385
930,1,0.20419430744794642,0.03638552624835295
931,0,-0.7785544915845201,0.08307036650999816
932,1,1.7024508659279833,0.5346763835035585
933,0,1.1203176784310926,0.3608035650006711
934,0,-1.5861407322970202,-0.0436909625531271
935,0,0.6141606102328612,0.44402489800475387
936,0,1.372227232710593,-0.008099426417276956
937,1,0.5449563926729478,0.1081903461241907
938,1,1.730525616789801,1.4996004467489719
939,1,0.8042283739967564,-0.4140537164998264
940,1,0.019728518245519105,0.5036422410455564
941,1,2.725868756846842,-0.1659370091448127
942,0,-1.4260850929995974,0.4897470705536133
943,1,2.0778559046818446,-0.9109943645041751
944,0,1.677020035099314,0.9531162558976867
945,1,-0.11553467437519582,-0.3220253324242922
946,0,-1.1826755908310547,1.7986433627709544
947,1,1.0645689316666191,-0.6348886018092926
948,1,0.1409223885146731,0.6371668185398041
949,1,-0.04390282137190231,0.15721312954278535
950,0,-0.6678726890480596,-0.0414699635077892
951,1,-0.032187377153983676,0.26373329016147395
952,0,1.1818512196732738,0.8254190067583622
953,1,0.8303668995548646,-0.07919058008225444
954,1,1.955993292191474,-0.06543079987543154
955,0,-0.5332294446354684,0.3034961975810915
956,1,1.2774017640141895,-0.49603877967310506
957,1,-0.10742203316211618,0.08777933999135656
958,0,-0.7241636663226825,1.4938617549085997
959,0,-0.8679361700533061,0.8079420244606297
960,1,0.7527583747142051,0.47379264666684995
961,0,1.6286551679073544,0.13782087244553
962,0,-0.06511424310214808,0.3745575020150923
963,0,0.9203569439927312,-0.08359846764315176
964,1,1.6845813019253253,0.7518376249260363
965,1,0.3381827701987465,-0.22629575205176822
966,1,0.3419835174446004,0.2150254704316079
967,1,1.2951356492062858,-0.49149943282159747
968,0,0.9672288724635713,0.6682291201236414
969,1,-0.35937848937702077,0.6745702915994428
970,1,0.0905264971971106,0.30374390399676815
971,0,0.7575682116910613,0.53405239124059
972,0,-0.42218998318569534,0.30008928768983667
973,0,0.22457322713009675,0.8512288554880536
974,0,1.522374061660701,0.11168403699028567
975,0,0.271768722693699,0.1350446220986391
976,0,0.7755780138341617,1.3786658886735306
977,0,0.22746211270548256,0.06379144738481146
978,1,-0.07132315973998463,1.0748268589158738
979,0,-1.69832266921256,1.2658350999694608
980,0,-1.666223677879634,1.0532645038354569
981,1,0.29047845352468443,0.7750450035676844
982,0,0.9825907524455054,0.15909925425766197
983,0,-1.7159383358846032,-0.04249768774124082
984,0,0.3162046691308693,1.5457531760500793
985,0,1.5645034164270748,0.2105122315026036
986,0,1.4734209829316,-0.40709079256410385
987,1,1.5471629809172947,-1.080377378645969
988,1,1.914463648640163,0.0793695970329912
989,0,-1.2926970031595153,-0.7109554768254677
990,1,0.8117599195508408,-1.3206515139521047
991,1,2.490708363454971,0.46932027251167385
992,0,-0.2280401457700637,1.715614301794633
993,0,0.9355693124766948,1.3695528144551936
994,0,-0.3336714571548461,1.4388543028134404
995,0,-0.031285873594987135,1.9780572250857422
996,1,-0.0448277134281108,0.05229902928709146
997,1,2.3817802354511324,0.23420398383171637
998,0,1.0744121001030074,-0.083331539985531
999,0,-1.2130165258632664,0.9805326742092364
